10,490-3298-1-ND,C1
10,490-3298-1-ND,C2
10,ATMEGA328-AURCT-ND,IC1
10,535-10226-1-ND,Y1
10,478-1167-1-ND,C3
10,478-1167-1-ND,C4
10,497-2757-5-ND,Q1
10,497-3707-1-ND,D1
10,497-2757-5-ND,Q3
10,497-3707-1-ND,D2
10,497-2757-5-ND,Q5
10,497-3707-1-ND,D3
10,497-2757-5-ND,Q7
10,497-3707-1-ND,D4
10,945-3042-ND,U1
10,160-1447-1-ND ,D5
10,RNCP0603FTD150RCT-ND ,R57
10,1727-6305-1-ND,U3
10,P1.3KJCT-ND,R7
10,P620JCT-ND,R8
10,P620JCT-ND,R38
10,P1.3KJCT-ND,R37
10,P620JCT-ND,R26
10,P1.3KJCT-ND,R25
10,P620JCT-ND,R14
10,P1.3KJCT-ND,R13
10,P620JCT-ND,R48
10,P1.3KJCT-ND,R47
10,P620JCT-ND,R36
10,P1.3KJCT-ND,R35
10,P620JCT-ND,R24
10,P1.3KJCT-ND,R23
10,P620JCT-ND,R12
10,P1.3KJCT-ND,R11
10,P620JCT-ND,R46
10,P1.3KJCT-ND,R45
10,P620JCT-ND,R34
10,P1.3KJCT-ND,R33
10,P620JCT-ND,R22
10,P1.3KJCT-ND,R21
10,P620JCT-ND,R10
10,P1.3KJCT-ND,R9
10,P620JCT-ND,R44
10,P1.3KJCT-ND,R43
10,P620JCT-ND,R32
10,P1.3KJCT-ND,R31
10,P620JCT-ND,R20
10,P1.3KJCT-ND,R19
10,P620JCT-ND,R6
10,P1.3KJCT-ND,R5
10,P620JCT-ND,R42
10,P1.3KJCT-ND,R41
10,P620JCT-ND,R30
10,P1.3KJCT-ND,R29
10,P620JCT-ND,R18
10,P1.3KJCT-ND,R17
10,P620JCT-ND,R4
10,P1.3KJCT-ND,R3
10,P620JCT-ND,R40
10,P1.3KJCT-ND,R39
10,P620JCT-ND,R28
10,P1.3KJCT-ND,R27
10,P620JCT-ND,R16
10,P1.3KJCT-ND,R15
10,P620JCT-ND,R2
10,P1.3KJCT-ND,R1
10,P1.3KJCT-ND,R49
10,P620JCT-ND,R50
10,P1.3KJCT-ND,R53
10,P620JCT-ND,R54
10,P1.3KJCT-ND,R51
10,P620JCT-ND,R52
10,P1.3KJCT-ND,R55
10,P620JCT-ND,R56
